id,date,rating,review_text,source
c11d78d1-0de9-469d-8dd4-df7d04767fe2,2026-05-20 23:09:20,1,I'm facing an issue in the bank but nothing has helped by groww support staff.. what to do,play_store
8d52bddd-e660-4f65-bfa7-1721bf69706d,2026-05-20 22:00:00,5,Opening Unknown World of Investing to Common People in India for India Thanks Groww Best Luck,play_store
2cba6ade-cb1e-4c43-b31e-8b2a0b169649,2026-05-20 20:11:38,2,"Loss Safety or Protect Profit, doesn't work.. I have lost my capital due to sudden reverse movement. Failed to protect my capital. so pathetic App. I will not suggest anyone to use Groww.",play_store
6d0612e5-ded3-49f4-9724-11b642c8880f,2026-05-20 17:34:32,3,3 start because my friends see's loan against mutual fund but i dont see option in my app,play_store
53eb88ea-3a80-4e15-ac46-941600ccf8da,2026-05-20 17:31:47,5,"One of the best mobile applications for Stock, Mutual funds investment 👌👌👌👍👍👍",play_store
3ae68b4b-30c8-48f9-907b-9db9e52a628a,2026-05-20 16:36:37,4,"Very nice to using tranding, investment and Sip",play_store
d9efc4b9-c495-43ce-b021-706f9eb669fe,2026-05-20 16:01:05,1,Worst app. A lot of charges.,play_store
7ac43e43-d7df-4930-9052-06e21109e2f4,2026-05-20 15:54:11,1,"don't trust portfolio, holding data , my actual portfolio is in loss but showing profitable. don't blindly buy or sell your stock , all value are mis calculated. groww developer team work on maths side. your niche is simplicity, don't make it complex . my stock avg price is 104 but after selling 50% share , my stock avg price show 87 now, they now averaging my price from share which is available in my portfolio not from overall, it create confusion.",play_store
93a91813-7116-4eac-b70f-64bcf539fa4e,2026-05-20 15:34:36,1,In the personal detail screen page in the doesn't available the gender change options. Just shows the gender title text.,play_store
13c84a2b-75f7-4fc9-90ca-a9e141116796,2026-05-20 15:17:17,1,chitting total fraud app groww,play_store
9f5e4cb4-431d-4ec1-89d9-99acfcbb39d9,2026-05-20 13:40:35,1,groow you have work more on your chart.the chart didn't open quickly it stuck,play_store
c02fe5e9-1645-44f1-a94d-5af150496ca0,2026-05-20 13:09:58,4,when this app is opened on one phone and opened on another phone,play_store
79db3fc7-03e9-42a1-a862-e97a0584a463,2026-05-20 12:37:01,1,amount missing without buying any stock,play_store
a5a17954-f90a-4e15-b020-0a26599b987f,2026-05-20 11:33:17,4,"stay away from stock market , my suggestion to all.",play_store
4a4d45a6-977f-4c7d-97b3-08b67e3b1404,2026-05-20 11:25:57,5,my sewing dreams come,play_store
5655a536-1197-41df-899d-907c806b07fa,2026-05-20 11:23:01,2,app is very good but it takes to much time in processing fee,play_store
22583aa6-d8f1-443d-8d59-4b44b72af1b2,2026-05-20 11:01:42,1,after getting SL I tried to take another trade to cover my losses but my trade did not executed and I had to book my SL what is going on in Grow 😥 kindly solve such problem/ glitch that is still happening in your Groww App. I tried 2 time to punch my order but 2 time failed .😔,play_store
3701d11b-441e-4cd6-ac56-47c1fe36ed97,2026-05-20 10:34:16,3,"Groww, kindly allow vwap indicator directly over chart. it only show over CE/PE premium chart. whereas other brokers allow vwap directly over chart.",play_store
e2b588c9-7d42-47a3-916e-8e61c42b9812,2026-05-20 10:28:28,4,"now, this apps work great and good customer support",play_store
858995fc-44a2-4a5f-bb6f-5580bd02014c,2026-05-20 10:01:15,5,Extremely excellent platform. The magic is in the simplicity and ease of use.,play_store
6db147d5-1945-4ace-9016-8da849fb55a5,2026-05-20 09:51:42,5,very good in all feild,play_store
dfd5de70-0912-4481-b737-87d2ed5dc9c0,2026-05-20 08:57:44,5,main thing which i like most about grow app is transpency and no hidden chrges and simple interface to learn there are lots of things which makes grow different from others.,play_store
57ffbdb0-afd1-4e38-8dad-6455361ed26e,2026-05-20 08:03:18,5,vert informative n easy to use,play_store
f306537d-6583-4227-9d12-c86246746892,2026-05-20 01:47:10,5,I started the PAN/KYC process on Groww but did not complete account creation. I want to cancel the onboarding process and request deletion of my unused personal information from your system.,play_store
e04e901e-c162-4274-9d06-27e0c4f5317d,2026-05-20 00:27:22,1,very bad app jab se es app par account khola hai loss hi ho raha hai bhut sare charge's lagata hai eska name groww nahi zoro hona chahiye,play_store
c22389ce-5bf0-4921-b1ce-de888fc08d19,2026-05-19 21:57:43,4,"Thats nice great app to build wealth , BUT Groww you need to build an option to invest out of country investments too, like US , CHINA, FRANCE etc, That will help us to invest globaly to make wealthy portfolio. :)",play_store
40f0878f-6aa9-4a44-af9f-abd289f0f4e5,2026-05-19 21:45:10,5,very simple to use with easy with reports which can provide analysis and help you to take decision.,play_store
3a618ba8-e305-4583-ab45-d65deba04d08,2026-05-19 18:35:25,5,very nice and fantastic apps for investment in stock market,play_store
97922aa9-d7de-4fae-8fdd-d5841ead4c0c,2026-05-19 18:02:48,1,taking so much hidden charge on delivery and intraday trading #worstapp,play_store
47cd10de-8780-4d7a-809d-928b26b24c1d,2026-05-19 17:34:14,1,"very high brokerage charges... my advice is don't waste your valuable money, time & don't spoil your mental health too.",play_store
a2f709a5-f113-44b9-a694-04d29240c734,2026-05-19 15:33:20,1,"worst app... peak time, application got hang, so much glitches, working not on time if i hv to exit on this moment it will execute after long time. need to improve app, i am going to uninstall it after all withdrawal 😡",play_store
8c0d1632-f2c5-4627-a8f3-83fb73d3a105,2026-05-19 15:16:26,5,Definitely depends on self interest... However.. for me it's interesting n helpful,play_store
bb6db9cf-ba2d-4cdf-b583-1a908bdb76bf,2026-05-19 13:50:14,1,It's not good as a financial,play_store
229e7a5d-3d7f-43c8-b38b-8f1b8fd0e7ec,2026-05-19 13:20:19,5,dear friends build your trust on this plateform you will never regret start from small test and see 🤩 I recommend you in the groww app family,play_store
c8068870-a87a-40e3-916a-9043accfe74b,2026-05-19 12:55:59,5,"easy to operate, clear instructions given end of the day.",play_store
0f6ed2b5-4bf3-4a05-a6c7-94c259eeac0e,2026-05-19 12:42:32,5,just starred a week back .quite excited,play_store
24245a6a-2462-478f-8dd6-380c21ebda1e,2026-05-19 12:37:54,5,Best app to learn mutual fund and stock market,play_store
23df2b8d-00a2-4981-9699-1680a325b382,2026-05-19 12:28:13,5,"It is very easy to use, and all matters are clear and transparent, leaving us with no significant risk of fraud or loss.",play_store
0ce0c06a-6a38-4104-81b9-891b0c94e5fd,2026-05-19 12:24:48,4,grow make really grow,play_store
c73279f2-68f8-45d5-9561-a87a7827bca1,2026-05-19 12:06:46,5,excellent trading app ...but trading taxes is little bit high,play_store
2e7f4561-4eb0-4976-a419-b1188ffe9ea5,2026-05-19 12:01:28,4,watch list option should be added,play_store
71754299-a974-4b51-924d-5734064130e6,2026-05-19 10:13:15,5,I would like to thank groww app because the app everything provide for the customer satisfaction and one more thing the group credit app is also good for the instant personal loan anytime anything you need just do it for grow credit,play_store
fbe91849-fe5a-4275-9dd2-f623923a6d43,2026-05-19 10:06:17,5,"best app for stock market, bonds, trading and sip broker charge is high but provided facility outstanding.",play_store
3d1259b7-cffb-4b51-b65a-14f4d7da2ba5,2026-05-19 09:57:05,5,best for training 😉 I am a beginner and doing amazing with groww. Thankyou for such an awesome aap for Market 🙏,play_store
afc4c00d-ffe1-4d99-ac2b-f374f0416fec,2026-05-19 09:53:30,4,amazing amazing easy step by grow,play_store
7ca3571f-2c10-4455-bcf0-b81af21011c9,2026-05-19 09:25:11,3,Daily updates are not good.,play_store
78fa6754-4c76-48e0-8146-3194ea90ddc2,2026-05-19 09:24:30,5,This is the best broker ever I have seen,play_store
43b62689-1350-4ca0-98e5-2638a42d3a9e,2026-05-19 09:04:00,5,"Dear Groww Team, It’s appreciated that you regularly bring updates and improvements to the app. However, in the recent update, the size of the Nifty 50 and Sensex view options have been reduced. Kindly make those buttons/options slightly bigger and easier to click, as they are important features that users access frequently. A larger and more visible touch area would improve the overall user experience. Thank you.",play_store
301f50e9-4bc9-4db6-bd1f-6abbfb16596a,2026-05-19 08:44:30,1,"Very bad app, a lot of money is charged, no refund",play_store
1acf38bd-ead0-4cfe-b4aa-302ba6ed63a0,2026-05-19 07:15:04,5,"I don't know, I'm first time here n I'm satisfied",play_store
e703d8cd-6268-4108-9835-ee89c67f10ef,2026-05-19 06:52:51,5,good experience with this selling buying was too simple and it's good application for beginners to start investing today,play_store
f4469611-314e-4a32-8fd8-a8ea71fc1277,2026-05-18 22:28:28,1,thrid class credit app and process fees to much costly and to much highly interest rate,play_store
28d6b5f6-cad3-4d65-9e56-b859f24f187c,2026-05-18 22:25:42,3,Groww customer call service is pathetic nobody is take your query calls and there is a an issue as well in this application because unable to raise 2 or more query tickets. It shows ticket raised but the actual ticket is not showed anywhere in this application.,play_store
e7b943d5-4d97-4391-a14c-c56ae3194acc,2026-05-18 22:08:16,1,"Very poor experience with Groww commodity trading. Chart candles lag and don’t match actual market price, leading to wrong entries. I placed trades based on support/candles, but price had already moved. Even after raising multiple complaints, there is no proper support or resolution. Not reliable for commodity trading.",play_store
8e935d0e-7df2-4943-9a58-07d280dcae96,2026-05-18 21:25:14,1,I didn't receive my money yet. I checked my bank statement and everything. I tired to contact support team and everyone is saying wait 48 hrs since 6 may and today is 18 may. And my money is invested in Mutual fund they are saying we sent money. I tired everything I didn't receive my funds...,play_store
dad78c95-daa0-4bfb-be8f-8f5650be45dc,2026-05-18 20:24:28,5,"Groww is one of the best trading and investing apps I’ve used. The interface is clean, beginner-friendly, and very smooth to navigate. Opening stocks, mutual funds, SIPs, and even F&O trading is simple and fast. I also like how transparent the app feels with charges and portfolio tracking. Customer support and updates have improved a lot too. Great app for both beginners and experienced investors. Highly recommended!",play_store
e7bb449c-24e9-417f-9f80-e1351916923c,2026-05-18 19:31:37,4,add a way to check the overlap between various funds in some comparison section and allow large number of funds to be compared simultaneously. this is a very basic thing.,play_store
242236e3-73d9-432f-ae14-7187b090472b,2026-05-18 18:55:37,1,"I am facing significant difficulties in correcting my name on my Groww account. Even the customer support representatives are giving conflicting information—telling me to fill out a form and mail it to their office, and stating that the name change process will take 10 to 15 days. I earnestly request Groww to introduce an online option for name changes so that users do not have to go through such hassle. I also hold an account with Angle One, where my name was successfully updated online 1 hour",play_store
234461f6-4b41-4e23-a74b-d00a1c8313b4,2026-05-18 16:43:53,1,This is app is now a big fraud manipulated Application please delete guys this is cheater,play_store
1b216ee8-55f6-4958-91b2-bdea20830b61,2026-05-18 16:19:39,1,worst platform ever to trade and worst customer service lots of glitches and order doesn't execute on time,play_store
8e3e1dca-8476-41f1-97f4-4215ca676556,2026-05-18 15:51:59,2,slow apps chalta hai,play_store
b386ab6c-a221-46d0-99d4-0b34954de6e7,2026-05-18 15:39:35,5,Most promising.Wishing the best of fund industry.,play_store
774b011c-45f6-4ff9-abeb-8aafcc83ed34,2026-05-18 15:23:58,5,not interested in this app,play_store
2c0bf834-f133-44b9-8523-63b0b2bc9c70,2026-05-18 15:11:23,5,easy to trade and understand,play_store
c0410b9a-68c1-486a-bed9-b8680c16627e,2026-05-18 15:08:50,1,The worst app is hanging up when the index gets up or downwards.,play_store
03d8ea37-3544-4e02-aeda-851372522169,2026-05-18 14:31:56,5,"easy use, no withdraw issue, instant deposit, easy searc hand find out, also get your profit loss report.",play_store
d18a1b56-9f86-490e-b1bc-55faaf1f00ac,2026-05-18 14:08:18,1,the most pathetic website for novices like me...they keep on refunding my money saying that the stock price is more even though I have added money into my account for this purpose...I also am unable to sell my shares becos none of their agents respond to my chat queries..they close the chat even though I say I am not satisfied...I don't know how to get out of this....cheee,play_store
eecca4f9-fc06-4397-882e-d87e5404d5ba,2026-05-18 13:54:29,1,very bad experience hang so much,play_store
894e9724-d9f9-46ac-af21-abd8aaaa22b5,2026-05-18 13:52:28,2,"app is good , much better than other up.But today it makes me disappointed, I saw the news section, a good news that was just 8minutes ago,so I bought in bulk. But in the news section of the stock , it was the same news but 8 hours ago. at one place in news section u are mentioning 8minutes and at other place in that stock news section 8 hours ago news. any one will buy that they got news early, hoping the stock price will go up.but u come to know that, stock has already rallied due to news ,😞.",play_store
b662cdbd-77e9-47a0-9821-344f1cc9aa23,2026-05-18 13:25:16,5,how do I change mobile number i lost my phone or sim card no access old account,play_store
5ba678a2-1e12-4434-92bf-8c4dca50228e,2026-05-18 12:51:56,1,ALERT notification not working. other notification coming in groww but not alerts it's enabled in setting but not coming it's happening again,play_store
3c7ecf5f-d0a4-457d-a475-b480010b2232,2026-05-18 12:45:27,1,because of hidden charges 😭,play_store
7518110d-e832-4776-a138-79332ed5d252,2026-05-18 11:46:26,1,very very very very worst app and platform.,play_store
3e459220-eae2-4aaa-9e21-bb391a7ca963,2026-05-18 11:42:42,4,Good App grow my use aftar four year but charges thoda kum katna chahiye,play_store
0a1a94c9-888c-44fb-bac7-624541c022f8,2026-05-18 11:12:38,5,"I began my investment journey through this app. It has been an year, and there was no problem. it's user friendly and the AI customer service solves your basic understanding too.",play_store
0db20854-10b0-406c-8c27-814b8f900c78,2026-05-18 10:58:26,1,"Groww UI is good and simple for new users. The app has introduced many updated features over time. However, I am giving 1 star because of poor customer support. Whenever you raise a ticket, customer support asks for the same information again and again. Repeating details 2–3 times is understandable, but asking for the same information 5+ times is frustrating. Additionally, representatives often do not answer the actual questions and instead provide random or irrelevant responses.",play_store
f7c35c5e-5dcb-4e36-9ef1-630ca382fb1f,2026-05-18 10:52:10,5,easy to understand and trade,play_store
0087d357-a950-43a5-9505-7a224773f144,2026-05-18 10:34:26,3,customer sport not Good but app is ok and his brokerage is highly then other app,play_store
40ef58c1-5d33-4e1a-b747-5d848d178d33,2026-05-18 10:09:00,1,"worst app, download of statements will take much time,still not downloading.better zerodha than this.still not downloading statements and the data is not updated of fundamentals of company always fixed",play_store
b3f2fead-7278-4166-bc7e-9b807c76f854,2026-05-18 09:47:53,5,nothing more I know when iam able to understand the market i can make millions from here,play_store
85bf1cb9-55a5-4e2b-9627-6fb8abe141ac,2026-05-18 09:20:53,4,Best UI among all other stocks related applications,play_store
cf037cd6-d39d-485f-a96e-bd5a3f5c926c,2026-05-18 08:57:22,1,Sometimes they are cheating our trading money.,play_store
c68e5892-3252-45cf-b679-d6f3aeb98a53,2026-05-18 08:43:58,1,They make this app as recharge app. Is there any requirement to include the pay section. I am going to close it.,play_store
dd98cdaa-bae0-41fd-8332-428d64bc4485,2026-05-18 08:20:03,5,It's process is very comfortable and eaisy.,play_store
3a02c000-fe27-4d7f-be0d-6b0a46f1dae0,2026-05-18 07:59:17,1,smooth and hassle free.. bit some time very lag for sale order to execute..real time market suggestions not enough..if grow charge much brokerage than why you not provided data analysis...,play_store
4cd40fa6-0f96-4690-9f15-e155935e6149,2026-05-18 06:50:18,4,charges is very high,play_store
c0d01328-e542-4912-8c2f-b13b1d1987da,2026-05-18 01:43:10,3,"multiple time payment errors happened, the payment page did not even load",play_store
6442d44f-2d52-4096-97ee-87a272f6d695,2026-05-17 23:22:25,5,nice but brokerege heavy cost brokerege down pls,play_store
a721b9c2-257b-4e08-89b0-587d502cdbea,2026-05-17 21:09:33,1,Worst customer support.. They are clueless on their own app and unable to provide the support and answer the query raised on the discrepancy.,play_store
a33172e3-f248-4674-bdb8-982959c3638a,2026-05-17 21:01:47,1,"Hello Grow Team, I have a request for you: please include a 'Paper Trading' option in this application. This would allow users to thoroughly learn how to trade before investing any actual money. If the practice experience is robust, it could even enable users to pursue trading as a career in the future. I hope you will accept this request and implement it within the application. Thank you.",play_store
c471fd79-71c0-4198-8e38-676dcff89f9b,2026-05-17 20:57:24,1,The customer care service is very poor. whenever I called they put me on waiting for 20 min and then said thanks for talking to expert agent whereas no agent has talked to me.,play_store
3cc3d812-d0ab-444f-9d82-0106b067b8fe,2026-05-17 18:17:13,5,Keep updating the UI with more up-to-date features! Good experience for new users.,play_store
de62976c-c8ea-41fd-ac0e-c2a5ca446076,2026-05-17 17:10:48,1,You Devs Vibration Off option should be there in Grow app..It's Extremely Annoying plz don't Vibrate phone excessively.,play_store
1e81f542-726c-4fdb-b390-cc2ce8993111,2026-05-17 16:46:10,5,very good to use and easy ui that make it easy i think it is the best broker I ever seen .,play_store
1080be75-ad30-44d3-a8fd-643e8299ab28,2026-05-17 15:43:16,5,nice gro application better treading app,play_store
8a1e6556-bd8e-458f-aa8e-5b746ca95092,2026-05-17 13:54:28,1,"""People Who Are, Currently On A Profession May Get Benefited From Here""!!🙂",play_store
d8e6bf8f-7709-4460-8ba1-1479dd9065b9,2026-05-17 13:06:50,5,now i am out of country how to buy sell mobile no not active.,play_store
4152a511-1938-47aa-a09a-a2f1e8698095,2026-05-17 10:51:57,5,"Excellent, but order placing getting delay",play_store
428bfcd7-1205-4c90-9b06-39230e7fd352,2026-05-17 10:33:37,3,Bring Consolidated Family portfolio view across PAN,play_store
405ae8ae-9c88-4318-847c-2bf5bc2fb9d0,2026-05-17 09:47:41,4,"Watchlists should be made more dynamic with more options for sorting , like based on traded volume, sector etc. Another good feature can be to be to make visible the set gtt price in the watchlists too for quicker decision making...",play_store
346de07d-88dc-416e-b1ea-c21bbca97ce5,2026-05-17 08:44:00,1,very bad app because very big big order me lag mar deta hai quick exit nhi hota hai,play_store
d9e76a76-9246-49f6-975b-5cc6ab817e9c,2026-05-17 08:22:02,5,bast app Download and eran,play_store
c0d07fd3-72b5-4127-bbd7-ac7dcb4f3c62,2026-05-17 07:05:28,5,this is best app for beginners users thanks to groww🥰🥰✅✅,play_store
3f5c0b23-9f43-4126-9371-9c4201c16562,2026-05-17 05:48:19,4,please add stop loss trailing feature,play_store
ec0f7851-2fd1-4429-97f8-bf476d518336,2026-05-17 01:40:20,5,good and easy to other demat app's,play_store
2f60908e-2d7e-499a-9942-f4dcccf793f9,2026-05-17 00:13:07,1,I have lost my money due to a glitch don't install this app.,play_store
1b98c56f-c15a-466e-b19d-b069d499ecbd,2026-05-17 00:05:45,5,give recommendations on buying and selling good stocks,play_store
a79195b8-9b9f-4915-bd49-7d6d344d21f9,2026-05-16 23:47:51,5,"I have been using the Groww app for a while now, and it has made investing incredibly simple. The user interface is clean, smooth, and very easy to navigate, even for beginners. Tracking my mutual funds and stocks is seamless. Highly recommended for anyone looking to start their investment journey!",play_store
e35565af-80fc-4bd0-a78d-fd1bb5c81efc,2026-05-16 22:17:17,1,this is worst app. charges are more than profit.,play_store
b65a2f31-acb7-47d2-8f15-55d564fa162b,2026-05-16 21:56:02,5,"If there were an option to show which mutual funds in my portfolio are performing well and which are underperforming, it would be much easier for us to track them.",play_store
e58508b2-ddc6-4c71-8d14-df4ed7655a6c,2026-05-16 21:40:34,1,Brokerage charges are high.,play_store
5185e81b-2dbd-4abb-86fa-e75cdda0c3b0,2026-05-16 21:25:46,5,thank you for sav may many i bay mon.17. nov.2025 11.7 rupees bay MTF pledging many 25000 and my many 5000 and i hold 6 month is no return is loss bat thanks for sav my 2700 rupees thank you my broker cancel MTF trading automate,play_store
ba9fe200-8013-4bf1-ac46-55fbcddea81e,2026-05-16 20:59:22,1,very bad app because apply many hidden charges and the brokerage is very high,play_store
7a317053-1afb-4939-bfb7-5d41f9537397,2026-05-16 19:42:50,2,"The features are decent, but the transaction fees are significantly higher than those of its peers.",play_store
b513e981-7fec-4fab-aa00-f83c7502e52a,2026-05-16 17:05:54,4,please add keep screen on option on groww. like tradingview,play_store
4413acfb-a5a6-4bba-804f-42fe2d9dcef8,2026-05-16 15:06:11,5,Good to use all IPO & MFund over there.,play_store
037e471d-d60e-4436-b051-8d25407f61d5,2026-05-16 13:09:56,5,tp or sl me risk reward me price show ho to trade achaa ho sakta hai,play_store
483f8a58-cba9-4b90-a518-c9e871d27993,2026-05-16 12:24:59,5,"The Growth Stock Hair tool is an automated trading script designed to analyze historical data, identify multi-bagger candidates, and forecast market performance. Users on financial forums like Reddit praise its time-saving capabilities and visual backtesting features, but note that it requires a solid foundational understanding of market trends.Before investing in any growth stock, perform comprehensive technical validation. Utilize the TradingView Charting Platform to overlay price action.",play_store
f29cb02c-1b44-49a2-bc9e-c90b0d96067a,2026-05-16 09:56:53,2,The app is disturbing my experience. I am unable to download the update and only this app is not downloading. kindly fix it.,play_store
f5776673-f500-464e-b50f-a8bb4da5bca7,2026-05-16 08:47:15,5,very good service. request to give some tips,play_store
922f827d-0b5e-4147-99a1-b28d84d3f1f0,2026-05-16 06:44:57,1,not able to log in showing error-An Unexpected error Is.occured please try again...,play_store
a1b07a3c-a7ce-4491-8b30-1dc0b05e9d91,2026-05-16 00:43:56,1,Wrost app ever seen although I am using the same.....Maximum time there is manipulation in the app.Whenever market going up or down in your traded direction they updated the profit very slow n opposite to this loss updated with 10x speed.How it is possible dont know but I want to tell everyone they are not only platform for us....these all app have special benefits whenever maximum users are in loss......,play_store
2159d780-4b0e-466b-93f7-808eb8bde5a9,2026-05-15 23:17:50,5,good and sahin molla i love vare march,play_store
896e62c9-e41e-404a-a049-540cb2197273,2026-05-15 23:09:32,5,"Good , Fast and Easy to trade app , all in one place 👍🏻",play_store
ffab2a62-4a78-4676-99a2-e6708679ba56,2026-05-15 21:07:09,1,when we are paying this much brokerage to grow then grow should also be responsible for the trader facilities like kills switch option in option trading which protect their capital and stop over trading but only temporary pause which is not useful I am very much regretting to use this app,play_store
3b1760d8-0602-4c99-a234-1095886e9e58,2026-05-15 20:12:56,5,"GROWW: THE WONDER BOX Very Simple but Excellent app for trading in stocks, MF etc Excellent user friendly and superfast UI. Buy, Sell orders executed in seconds with DDPI Caution shown during buy orders is highly helpful. We can get lot of information of a stock including overview, technicals, news/ latest news etc., Graphs including smaller graphs are guiding pathways, help us take informed decisions.",play_store
a5b28fd2-3c50-4a7a-89ae-90fc3a4dca34,2026-05-15 18:35:26,4,Bring dual screen option in F&O in mobile scalper mode.,play_store
551deb71-6384-4b30-8035-9315168f7d11,2026-05-15 17:52:15,4,fantastic very well information about Trade,play_store
b142e07a-925c-4ef4-a8f4-743cc5efc1f4,2026-05-15 15:55:06,5,it was an amazing app not only for investing but if we need any help it's cyber help center is quick to help his customer's,play_store
f045493c-362f-4aad-afc7-c367780ecdd0,2026-05-15 15:40:11,2,"Interface is good, but entry point is manipulated by them in buying and selling never enter without mentioning exact price other wise app will give you whatever is worst possible entry point. Brokerage charges will bite. App lags a lot.",play_store
e384ef5a-96f8-47d6-8c82-ce1fac29cd79,2026-05-15 15:36:10,1,this app very slow not good for users,play_store
258c987f-1276-47db-8812-d37508cfcd70,2026-05-15 15:28:05,1,this one of the best gambling app,play_store
42a09a3a-5d3e-4bad-be12-2e3400da3147,2026-05-15 13:27:57,2,This app is good for mutual funds but very bad for stocks. Grow app charges Rs 400 for a profit of Rs 500. The most costlly grow app for stock.,play_store
207f5043-b87e-4614-b795-472eb254390a,2026-05-15 13:26:48,4,I am proud of you.,play_store
60e00bda-b543-4a5a-84de-e64bee75018f,2026-05-15 12:44:15,5,Session expires is coming on my grow account due to which i have suffered financial loss today please tell me what to do,play_store
38aff851-2d3b-4aba-a63f-e1667ce311e8,2026-05-15 12:33:11,5,"Money is 100% safe, Deposit & Withdrawal process are very fast",play_store
54e9b996-09ad-4650-9b1e-f9224c650cfa,2026-05-15 12:29:44,1,facing so many glitch while trading resolve it,play_store
67ea69e5-1a96-4b83-b400-9d12cb58c98b,2026-05-15 12:16:03,2,alert option not working in both android and ios,play_store
d3bd0aee-22df-4066-bf1d-0a43dce5beec,2026-05-15 11:30:57,1,"all is well but as I am trader as big name in India the application is not allowing much chart indicator. as trading there are very low category CHARTING available. NAM BADE DARSHAN CHOTE. advice to improve the quality of charting very very less and low quality charting available on this application. as compared other applications are giving good charting facility.FULLY NOT FOR INTRADAY TRADING 🥵🥵🥵🥵🥵🥵😡😡😡😡,very very bad polycies as other. unexperienced people on customer care just 🔥",play_store
928b043d-89d3-45c5-a601-676b4fcb02b4,2026-05-15 11:17:17,5,please sir ismein quarterly half yearly or yearly time frame bhi add Karen,play_store
e43171ce-62c5-4a10-b7c9-b39d0edf99b5,2026-05-15 08:41:27,5,good and quick sattlement,play_store
1d127e13-3907-49b1-9a15-8762e237917e,2026-05-15 08:28:25,5,is to fast but more charge,play_store
3de540e6-077a-4905-83b0-ac01f92e7ffd,2026-05-15 07:34:58,1,they said brokerage is maximum 20 but it is charging around 50,play_store
39ceb324-dcaf-4d4b-a56e-e23a5343c450,2026-05-15 07:31:41,2,please include a feature to show the dividend dashboard earned lifetime stock wise.,play_store
b0be7597-40e5-478a-8287-6664af3f1490,2026-05-15 07:13:11,1,"Customer service is total waste. For the first time I called customer care, the support executive was not able to resolve the issue or rather I would say was not inclined to listen the query and resolve the issue. Also, very unprofessional tone. Didn't knew the process, also not ready to share details. Now the Groww is nunber ine broker in India. But if this sort of support continues, it's bound to go downhill from here. Totally disappointed.",play_store
3d11a00c-4131-4b7c-8a7a-6c86ec3c5191,2026-05-15 07:02:30,4,service best hai par brokerage jyada h,play_store
0b22f35d-509a-45e5-8c72-f1dc502056ee,2026-05-15 06:32:18,3,brokerage charges too high😭,play_store
7089e10d-9481-4516-9528-93d609a8f1d6,2026-05-15 06:31:39,5,smooth access and more informative,play_store
0cb83fbc-71bf-4ccc-8da2-2e42ebc0d0e4,2026-05-15 01:03:15,5,"One small Feedback if you can add All time High NAV, 52 week High & Low NAV to all the Mutual Funds it would be great.",play_store
7f3ef12b-5844-4c4f-b997-0fad85d3fbfa,2026-05-14 22:44:59,2,I would be pleased by adding Trail jump in option Trading as seen in some other platform.. i miss trail jump in groww.,play_store
967aa654-26ce-4e97-80ae-b7c342789b3f,2026-05-14 22:38:27,1,My purchased Stock sells without my concern after 3:20 PM . And charges cut higher than usual earlier.,play_store
d13aa20a-4944-48fc-86f6-2cde10d63fa6,2026-05-14 22:38:10,5,reLly it is a good app for investment and sip and it Is a real life broker,play_store
aad62fb1-3171-452d-9c34-f183f8871f7e,2026-05-14 22:09:14,2,i using it for around 2 month's and i invested on a cap fund it goes up and I got 549 but when I redeem it i goes down and down and I got only 525. what is happening. then i mind to deleted my account from this app.,play_store
ee56a731-3e1f-477b-a0e9-3199b90acb99,2026-05-14 21:33:13,5,Functional+ Non functional features are very smooth . UI very easy to use. Interactive application with updated info every hour.,play_store
cb02e779-a185-4674-8459-dd6188b4a70c,2026-05-14 21:08:47,1,negetive rating. ZERO STAR.Bad experience. when am providing all the proof perfectly and when my 2 mutual fund has changed to my new bank account then why one of my mutual fund is not changing it.,play_store
320abd96-7df3-4d7b-9347-8848d3ae77c2,2026-05-14 20:21:17,1,"If u have 1L capital and make 50K profit and withdraw 50K. Then your net tradable balance will be 1L. With withdrawalble balance 50K and Tradable (unsettled)50K. and if you incur loss of 90K and deposit the withdrawn balance again of 50K. Then your balance will be 60K. But to them that 50K is there father's property and they make people and SEBI fool, by using this scam and show there transaction history proof.Shameless scamsters. I've lodged complaint against u and next i am going to lodge FIR.",play_store
acecd77e-0de8-4124-80d5-babc2f16a7aa,2026-05-14 19:38:07,5,"all is good, but need a kill switch on future & option, control' over treding, need kill switch",play_store
b699d5f5-ec00-45d9-8531-b7347d92154d,2026-05-14 17:14:32,5,bast realest hai application for my bast app really like,play_store
277faa5f-9ad0-4080-afc9-49c80b46987e,2026-05-14 16:38:51,1,I got loss because of your app. glitch,play_store
5ab40c0a-8ef4-4451-96aa-f7362398defb,2026-05-14 16:31:58,5,it's an useful app,play_store
0c311042-d9ea-4d56-ab48-c0e26f6c4793,2026-05-14 16:25:43,1,abe kitna charge lete ho. maine vedanta k only two quantity li intraday me ...just kitne charge lagte to... inhone 19 rp liya ..aise h kuch trade liy... second day check kiya to 150 rp.. charge jabke zerodha pe check kiya vo h charge utne quantity k liye pure trade k liye only 25 ro... nominal charge... ghatiya and fraud app .. horrible experience...stay away,play_store
b9e35de1-4ae8-412a-8bac-dcb382d999bb,2026-05-14 15:25:23,5,easy interface app and good and easy to use. nice service help too,play_store
040a46b2-85e6-463f-8884-911152868efe,2026-05-14 14:50:19,1,don't take any from them .if you take you will die.mental harrasment from agent,play_store
b2663fcd-7ab7-4cc0-887a-f4dbec624aee,2026-05-14 14:39:10,1,"glitch problem & commit big loss, charges Anyone can go into depression.",play_store
efd6e57b-22f3-4a50-8b7e-eaec603595d4,2026-05-14 14:28:37,1,Disgusting app not recommended.,play_store
bccd5f3e-72bd-4000-81f6-dd1b6d47650b,2026-05-14 14:24:05,2,too much takes fees for buys stocks,play_store
4758c8e4-3301-40ae-bb3e-5986a30f0e0f,2026-05-14 14:17:45,5,very good experience to trade from this platform.,play_store
e865ca84-2bfc-499a-a598-9d62abde8a94,2026-05-14 13:50:47,4,"very good, but sometimes hangs",play_store
1b68cd8f-c9b1-48a8-bb1c-a34cddf797f6,2026-05-14 13:10:15,2,good aap but brokarage charges is so high,play_store
2f95450b-c324-4f11-b4e6-8df3416a99e6,2026-05-14 13:09:05,1,very High and exorbitant charges,play_store
b55e87a5-363b-4f1f-9b68-175fdb325647,2026-05-14 13:01:10,1,thier brokrage is more than your profit please don't use it go for others,play_store
52ce985d-d1d4-43d3-838b-227872b684ec,2026-05-14 12:58:16,5,fine but not clear regarding money deduction.,play_store
86b767c2-f709-45ec-bb0c-5b853d8cb827,2026-05-14 12:20:10,3,Hi UPI TAB has disappeared from the last 2 days. is this the impact of app version update?,play_store
1b3fea08-1331-44b4-a7c3-a06a1d0e0c1f,2026-05-14 12:07:44,5,plz add crypto trading 🙂,play_store
592ea7cf-b3e5-4bc3-ab42-00c6255290ca,2026-05-14 12:00:39,1,"Different data is showing on the MF website, and incorrect data is showing in the Groww application. Kindly sync your data with the MF website.",play_store
52276cdd-c86e-4ff7-9a51-a796d8b8f771,2026-05-14 11:35:10,1,worst and over charging app,play_store
cbedbd42-c7ea-4696-9240-03218d740117,2026-05-14 11:18:15,5,good app and free demat account,play_store
d8f69bf1-e7a6-49db-81f0-b02f45e06f91,2026-05-14 11:05:23,1,Don't Install this app this big frod । I'm staying with my Comments this app is always Chit with Consumers like me i add my comments. to Care,play_store
81795528-15b7-44ab-9142-dfc76655d021,2026-05-14 10:36:05,1,They are theft & Grow is growing only here because the charging is unbelievable!,play_store
9ed67aee-524e-4178-a3ad-0bbf33add0a0,2026-05-14 10:23:09,1,it's been more than a year raised multiple complaints about slow app loading in the morning and evening session but their development team unableto fix this bug,play_store
4123ab36-8d86-461d-aac1-1012f573745b,2026-05-14 09:39:00,1,"Limit order execution is not proper. Not able to sell all quantity at a time at a predefined price, it sells quantity partially & brokerage charges exceed more than profit. This is the worst experience.",play_store
9eade62d-277e-40a9-91e5-e0e255638e54,2026-05-14 09:13:22,5,please fallow Grow app,play_store
37b2cfde-2941-4a05-9439-973d8a78a879,2026-05-14 08:29:04,4,"all ok but, withdrawal was not coming in time",play_store
37690c1b-7d35-44e6-8752-0fa7752348ed,2026-05-14 08:28:22,5,good Application And good Reply,play_store
29feaf48-fa0b-4f8a-a427-5092d36932c8,2026-05-14 07:12:29,4,Good trading app but charges very high😢,play_store
4e8b41ff-db34-41d7-98d7-c2fdcd0088a5,2026-05-14 06:33:48,1,Very bad experience with Groww. The customer service is extremely poor and issues take too long to resolve. I have been waiting for a solution but keep getting delayed responses without proper updates. Very disappointing support experience.,play_store
edd2e162-ab1e-4268-b00c-8c35ff22afae,2026-05-14 00:42:32,1,wrost app paise kha jayega not benefit,play_store
3d04c401-645f-4376-bb15-c994db1de6ac,2026-05-14 00:15:40,5,Groww Growing all Indian life.,play_store
